id;user_name;password;email;phone;aadhar
1;syndicate Applications;Granite wireless;"y8c^tO@z/..Y";(673) 098-7846;wireless User-centric
2;olive integrate invoice;Chicken;"zNZJT@j)1..0wD";193.213.0448 x490;Sports Factors mint green
3;Representative;Guadeloupe matrix connect;"wh@p.h";852.036.3801 x179;Configuration
4;Awesome Frozen Fish Corporate quantify;SMTP;"{..]+@e;.;";1-460-313-6715;primary Rustic Frozen Table
5;withdrawal;plum repurpose leverage;"ur@I.Xu?2D~";464.227.4257 x7638;Tasty platforms 6th generation
6;Borders;silver;")%J@q6.UXK[e{";032.507.5770;Tactics COM
7;pixel Refined Rubber Pizza;Togo system engine;"Lq@ek>.\";457.488.1626 x36591;auxiliary mindshare
8;synthesize CFA Franc BEAC payment;Checking Account Functionality cutting-edge;"'MP:@yTow:8.u3R`o";(576) 437-6466 x7695;Up-sized Wooden Kansas
9;Gold;Oregon Gibraltar yellow;"<f+yQH@QF.jUx";(667) 606-0885;Polarised
10;Corporate;aggregate Stravenue application;"N4@.{k._jI?";201.791.9388 x072;Web
